NO2 ;PtC;Trajet;vitesse;Typo;Auto;Com;Dep;GBd;Nat;Periph;Tun;Agglo;GCR;ParisR;PCR;P10PA1H;P2PA1H;N2PA1H;Saison;Période
148.39;82.66;A Alpha (1);23;Paris_PC;0;0;24;77;0;0;0;100;0;77;24;25.4;10.9;20;ete;Matin
188.61;100.03;A Alpha (2);27;Paris_PC;0;7;21;43;0;29;7;100;0;79;21;39.3;29.4;67.5;ete;Soir
176.31;111.17;A Alpha (3);24;Paris_PC;0;27;0;13;0;61;0;100;0;73;27;26.6;9.6;37;hiver;Matin
168.6;69.04;A Alpha (4);45;Paris_PC;0;0;35;21;0;44;0;100;0;65;35;29.6;14.8;63;hiver;Soir
206.28;117.82;A Bravo (1);19;PC_PC;0;0;38;0;30;32;20;100;0;32;68;24.3;11;25.5;ete;Matin
223.16;106.97;A Bravo (2);17;PC_PC;0;0;67;0;0;33;12;100;0;33;67;31.8;24.5;64;ete;Soir
193.54;117.72;A Bravo (3);17;PC_PC;0;20;0;0;34;46;26;100;0;46;54;26.5;12.3;44;hiver;Matin
227;90.01;A Bravo (4);27;PC_PC;0;24;37;0;0;39;24;100;0;39;61;27.1;13.6;67.5;hiver;Soir
219.2;108.93;A Delta (1);12;PC_PC;0;0;15;0;39;46;22;100;0;46;54;22.9;13.6;28.5;ete;Matin
187.16;78.45;A Delta (2);15;PC_PC;0;0;72;0;0;28;16;100;0;28;72;31.3;20.4;51;ete;Soir
230.09;133.93;A Delta (3);20;PC_PC;0;13;14;0;34;39;21;100;0;39;61;29.1;12.8;43.5;hiver;Matin
219.68;80.84;A Delta (4);19;PC_PC;0;20;55;0;0;26;16;100;0;26;74;23.6;11.6;64.5;hiver;Soir
125.24;56.4;A Echo (1);23;PC_GC;0;15;85;0;0;0;0;100;28;0;72;27.1;11.5;29.5;ete;Matin
152.4;59.44;A Echo (2);25;PC_GC;21;0;79;0;0;0;3;100;87;0;13;28.4;19.4;45.5;ete;Soir
164.44;105.04;A Echo (3);26;PC_GC;0;0;92;0;8;0;0;100;39;0;61;39.3;16.3;49.5;hiver;Matin
165.9;72.58;A Echo (4);19;PC_GC;0;0;100;0;0;0;0;100;25;0;75;22.6;10.1;73.5;hiver;Soir
99;37.47;A Foxtrot (1);13;GC_PC;0;0;100;0;0;0;0;100;30;0;70;32.3;12.7;32;ete;Matin
196.79;67.46;A Foxtrot (2);26;GC_PC;18;0;82;0;0;0;2;100;40;0;60;26.1;18.2;39;ete;Soir
109.27;74.72;A Foxtrot (3);20;GC_PC;0;0;100;0;0;0;0;100;41;0;59;41;17.8;50;hiver;Matin
242.52;65.96;A Foxtrot (4);7;GC_PC;14;73;14;0;0;0;1;100;15;0;85;24.9;14.8;84;hiver;Soir
144.54;74.94;A Golf (1);21;PC_Paris;0;21;13;50;0;16;5;100;0;87;13;35.6;16.3;29.5;ete;Matin
187.32;78.02;A Golf (2);28;PC_Paris;0;0;15;45;0;39;0;100;0;85;15;27.9;13.9;37;ete;Soir
143.49;93.18;A Golf (3);22;PC_Paris;0;13;19;48;0;20;7;100;0;81;19;39.1;19.4;46.5;hiver;Matin
244.73;125.64;A Golf (4);26;PC_Paris;0;0;9;42;0;48;0;100;0;91;9;20.8;11.5;87;hiver;Soir
193.03;98.09;B Alpha (1);29;Paris_PC;42;0;0;16;42;0;0;100;0;16;84;23.5;13.8;48;ete;Matin
119.59;94.96;B Alpha (2);50;Paris_PC;55;22;0;23;0;0;0;100;0;23;77;48.8;41.4;44;hiver;Soir
132.62;61.02;B Bravo (1);24;PC_PC;0;34;6;0;60;0;0;100;0;0;100;36.7;15.3;70.5;ete;Matin
85.53;52.47;B Bravo (2);37;PC_PC;28;34;0;0;38;0;0;100;0;0;100;48.2;41.6;44;hiver;Soir
143.37;70.78;B Charlie (1);24;PC_PC;13;25;18;0;44;0;0;100;0;0;100;44.6;18.5;69;ete;Matin
82.38;58.7;B Charlie (2);28;PC_PC;0;17;6;0;77;0;0;100;0;0;100;47.4;41.7;44;hiver;Soir
128.02;54.3;B Echo (1);55;GC_GC;51;0;31;0;19;0;0;100;100;0;0;44.3;21;74;ete;Matin
119.56;64.37;B Echo (2);20;GC_GC;57;18;25;0;0;0;0;100;100;0;0;44.4;39.1;45.5;hiver;Soir
169.87;64.45;B Foxtrot (1);27;GC_Paris;44;0;14;42;0;0;0;100;23;42;34;44.8;22.6;64.5;ete;Matin
184.48;108.27;B Foxtrot (2);30;GC_Paris;39;5;5;30;0;22;2;100;32;51;16;48.2;40.4;44.5;hiver;Soir
70.8;55.09;C Bravo (1);30;GC_GC;0;55;0;0;45;0;0;100;100;0;0;35.3;14.8;51;ete;Matin
68.33;43.17;C Bravo (2);30;GC_GC;0;30;49;0;21;0;0;100;100;0;0;44.9;26.2;68.5;hiver;Matin
105.3;35.48;C Bravo (3);29;GC_GC;0;9;91;0;0;0;0;100;100;0;0;19.2;11.2;55;hiver;Soir
95.94;102.99;C Bravo (4);34;GC_GC;0;44;56;0;0;0;0;100;100;0;0;34.6;20.2;80.5;hiver;Soir
100.93;62.41;C Charlie (1);36;GC_GC;58;11;22;0;9;0;0;62;100;0;0;36.6;15.5;48.5;ete;Matin
120.6;81.74;C Charlie (2);51;GC_GC;64;18;12;0;6;0;0;57;100;0;0;49.4;27.8;72.5;hiver;Matin
123.9;74.41;C Charlie (3);32;GC_GC;0;14;65;0;22;0;0;100;100;0;0;19.2;10.1;57;hiver;Soir
143.49;109.73;C Charlie (4);31;GC_GC;0;13;88;0;0;0;0;100;100;0;0;36.5;22.3;79;hiver;Soir
219.97;93.5;C Delta (1);29;GC_Paris;59;10;0;25;0;6;2;100;46;30;24;45.4;19;50;ete;Matin
224.82;128.9;C Delta (2);23;GC_Paris;0;0;5;21;48;25;1;100;35;47;18;59.1;32.4;79;hiver;Matin
175.58;78.71;C Delta (3);33;GC_Paris;60;0;0;18;14;8;1;100;62;27;11;17.7;12.3;49.5;hiver;Soir
225.04;130.9;C Delta (4);31;GC_Paris;52;0;2;23;0;22;1;100;47;46;7;33.5;21.4;72;hiver;Soir
123.86;62.97;D Alpha (1);48;Paris_PC;28;0;22;50;0;0;0;100;0;50;50;25.8;11.2;48.5;ete;Matin
169.08;64.7;D Alpha (2);54;Paris_PC;53;14;0;33;0;0;0;100;0;33;67;26.4;15.9;61.5;ete;Soir
85.7;NA;D Alpha (3);39;Paris_PC;23;10;34;33;0;0;0;100;0;33;67;15.1;6.6;20.5;hiver;Matin
140.18;61.36;D Alpha (4);38;Paris_PC;22;0;0;61;17;0;0;100;0;61;39;34.7;21.5;74.5;hiver;Soir
137.76;59.71;D Charlie (1);28;GC_GC;18;0;71;0;12;0;0;100;100;0;0;29.7;12;51;ete;Matin
109.61;38.08;D Charlie (2);27;GC_GC;0;30;0;0;70;0;0;100;100;0;0;25.2;14.3;51.5;ete;Soir
89.56;37.38;D Charlie (3);24;GC_GC;0;45;0;0;55;0;0;100;100;0;0;17.2;5.3;37.5;hiver;Matin
122.55;50.56;D Charlie (4);29;GC_GC;34;23;43;0;0;0;0;100;100;0;0;26.7;15.6;68;hiver;Soir
112.55;55.19;D Delta (1);21;GC_PC;0;3;36;0;61;0;0;100;85;0;15;35.4;13.5;48;ete;Matin
188.83;72.23;D Delta (2);23;GC_PC;77;3;8;0;13;0;1;100;93;0;7;23.5;15.9;31;ete;Soir
121.21;65.15;D Delta (3);41;GC_PC;54;17;20;0;9;0;0;100;66;0;34;16.4;4.2;39;hiver;Matin
120.61;59.95;D Delta (4);19;GC_PC;0;42;44;0;14;0;0;100;60;0;40;28.6;14.2;66;hiver;Soir
183.98;46.37;D Echo (1);15;PC_Paris;0;0;4;45;50;0;0;100;0;49;51;40.9;12.6;36.5;ete;Matin
166.93;85.91;D Echo (2);35;PC_Paris;32;14;0;24;32;0;0;100;0;24;77;23.6;16.9;33.5;ete;Soir
90.32;52.81;D Echo (3);44;PC_Paris;35;0;0;19;46;0;0;100;0;19;81;16.1;5.6;34;hiver;Matin
256.81;173.67;D Echo (4);31;PC_Paris;23;19;0;32;10;16;2;100;0;48;52;24.7;11.7;66.5;hiver;Soir
87.96;39.95;E Bravo (1);40;PC_GC;0;26;8;0;66;0;0;100;43;0;57;17.2;8.7;48.5;ete;Matin
112.17;23.14;E Bravo (2);48;PC_GC;0;19;33;0;48;0;0;100;48;0;52;21.4;12.3;47;hiver;Soir
103.54;33.45;E Charlie (1);27;GC_GC;0;13;63;0;24;0;0;72;100;0;0;22.3;8.5;55;ete;Matin
53.18;14.76;E Charlie (2);35;GC_GC;0;0;58;0;42;0;0;80;100;0;0;20.2;11.8;48;hiver;Soir
101.93;44.11;E Delta (1);40;GC_GC;68;23;0;0;9;0;0;100;100;0;0;31.2;10;49.5;ete;Matin
96.58;28.78;E Delta (2);31;GC_GC;37;5;50;0;8;0;1;100;100;0;0;21.4;13;50.5;hiver;Soir
164.33;85.92;E Echo (1);21;GC_Paris;46;11;0;27;0;15;16;100;35;43;23;29.4;11.8;NA;ete;Matin
210.02;96.72;E Echo (2);28;GC_Paris;55;0;10;22;3;10;9;100;39;32;28;18.9;8.6;59;hiver;Soir
98.79;65.74;F Bravo (1);23;GC_PC;0;8;24;0;69;0;0;100;25;0;75;19.6;4.3;17;ete;Soir
88.89;57.16;F Bravo (2);21;GC_PC;0;0;23;0;77;0;0;100;22;0;78;17.4;6.1;NA;ete;Matin
163.08;102.32;F Bravo (3);26;GC_PC;0;0;32;0;68;0;0;100;20;0;80;19.3;1.3;53;hiver;Soir
110.7;68.37;F Bravo (4);19;GC_PC;0;26;27;0;47;0;0;100;33;0;67;26.8;12.7;60.5;hiver;Matin
95.65;60.97;F Charlie (1);35;PC_PC;48;52;0;0;0;0;13;100;0;0;100;17.7;2.3;19;ete;Soir
249.48;135.2;F Charlie (2);32;PC_PC;68;0;32;0;0;0;31;100;0;0;100;20.1;7.1;NA;ete;Matin
213.64;97.5;F Charlie (3);34;PC_PC;49;31;20;0;0;0;11;100;0;0;100;19;0.9;43.5;hiver;Soir
192.22;104.82;F Charlie (4);43;PC_PC;48;19;33;0;0;0;10;100;0;0;100;29.3;14.1;55.5;hiver;Matin
82.35;42.45;F Delta (1);27;PC_PC;22;17;17;0;45;0;0;100;0;0;100;19;4.6;18.5;ete;Soir
148.01;99.47;F Delta (2);28;PC_PC;57;13;30;0;0;0;10;100;0;0;100;23.2;10.2;NA;ete;Matin
190.33;80.54;F Delta (3);17;PC_PC;19;26;11;0;43;0;0;100;0;0;100;15.8;3.5;37.5;hiver;Soir
94.54;34.13;F Delta (4);25;PC_PC;0;29;15;0;56;0;0;100;0;0;100;NA;13.8;56.5;hiver;Matin
90.93;36.67;F Echo (1);31;PC_Paris;0;28;0;48;24;0;0;100;0;48;52;19.4;6.1;19;ete;Soir
161.59;101.1;F Echo (2);13;PC_Paris;0;0;0;50;50;0;0;100;0;79;21;25.1;11.6;NA;ete;Matin
156.52;109.95;F Echo (3);15;PC_Paris;0;38;0;60;2;0;0;100;0;60;40;15.8;5.9;32.5;hiver;Soir
104.23;55.11;F Echo (4);15;PC_Paris;0;19;0;67;14;0;0;100;0;67;33;NA;14.1;61.5;hiver;Matin
120.77;57.91;G Bravo (1);38;GC_GC;25;0;0;0;75;0;0;100;100;0;0;52.7;NA;75;hiver;Matin
140.69;75.81;G Bravo (2);50;GC_GC;30;0;0;0;70;0;0;100;100;0;0;30.2;17.7;74.5;hiver;Soir
194.78;92.9;G Delta (1);36;GC_PC;26;19;54;0;0;0;5;100;31;0;69;68;NA;73.5;hiver;Matin
292.32;132.7;G Delta (2);25;GC_PC;55;6;39;0;0;0;12;100;21;0;79;31.9;18.6;68;hiver;Soir
203.69;80.41;G Foxtrot (1);20;PC_Paris;0;0;18;82;0;0;1;100;0;71;29;64.6;NA;72.5;hiver;Matin
174.8;111.37;G Foxtrot (2);13;PC_Paris;0;0;19;81;0;0;1;100;0;81;19;28.6;19.2;59;hiver;Soir
51.38;20.56;H Bravo (1);55;GC_GC;0;32;68;0;0;0;0;53;100;0;0;17.4;7.8;25;ete;Soir
56.25;19.38;H Bravo (2);48;GC_GC;23;25;52;0;0;0;0;37;100;0;0;17.5;NA;47;hiver;Matin
153.51;80.03;H Charlie (1);48;GC_Paris;36;0;10;26;0;28;9;100;28;54;18;14.9;8.1;27.5;ete;Soir
141.32;72.45;H Charlie (2);37;GC_Paris;47;45;0;8;0;0;7;100;27;45;27;15.8;NA;44.5;hiver;Matin
88.13;35.76;I Bravo (1);39;GC_GC;0;17;0;0;83;0;0;76;100;0;0;29.9;16.3;NA;ete;Soir
98.11;51.02;I Bravo (2);36;GC_GC;16;22;7;0;55;0;0;66;100;0;0;NA;10.9;67;hiver;Matin
149.68;55.29;I Charlie (1);26;GC_GC;0;0;53;0;48;0;0;100;100;0;0;30.2;15.5;NA;ete;Soir
115.59;67.14;I Charlie (2);23;GC_GC;0;0;23;0;77;0;0;100;100;0;0;20;11.9;63;hiver;Matin
114.28;53.62;I Delta (1);29;GC_GC;0;0;63;0;37;0;0;100;100;0;0;32.6;17.5;NA;ete;Soir
70.03;38.84;I Delta (2);30;GC_GC;0;0;56;0;44;0;0;100;100;0;0;23.4;14;60.5;hiver;Matin
173.74;74;I Echo (1);31;GC_Paris;27;0;12;38;23;0;7;100;39;38;23;31.2;17.7;NA;ete;Soir
97.35;63.14;I Echo (2);48;GC_Paris;15;0;11;24;24;26;7;100;40;51;9;25.7;14.2;46.5;hiver;Matin
158.87;80.99;J Alpha (1);25;Paris_PC;13;13;0;28;0;47;8;100;0;75;25;35.7;16;27;ete;Soir
154.36;80.21;J Alpha (2);22;Paris_PC;13;70;0;17;0;0;5;100;0;72;28;25.3;NA;37.5;hiver;Matin
126.37;68.98;J Bravo (1);46;PC_GC;63;37;0;0;0;0;3;100;41;0;59;32.7;13.8;24;ete;Soir
143.54;89.47;J Bravo (2);52;PC_GC;53;47;0;0;0;0;4;100;43;0;57;17.4;NA;43.5;hiver;Matin
75.65;31.58;J Delta (1);42;GC_PC;18;24;58;0;0;0;0;63;65;0;35;27.2;11.2;24.5;ete;Soir
85.81;56.67;J Delta (2);36;GC_PC;0;25;39;0;36;0;0;59;57;0;43;18.6;NA;50.5;hiver;Matin
99.49;54.3;J Echo (1);50;PC_GC;39;16;45;0;0;0;0;100;38;0;62;25.6;9.9;24;ete;Soir
113.19;67.74;J Echo (2);39;PC_GC;49;17;34;0;0;0;0;100;38;0;62;22.4;NA;53;hiver;Matin
79.94;56.29;J Foxtrot (1);61;GC_PC;52;37;11;0;0;0;3;100;53;0;47;24;9.3;24.5;ete;Soir
121.96;72.66;J Foxtrot (2);59;GC_PC;53;0;47;0;0;0;4;100;42;0;58;24.2;NA;59;hiver;Matin
199.83;93.61;J Golf (1);27;PC_Paris;0;10;0;15;17;59;17;100;0;73;27;22.7;10.5;25;ete;Soir
169.55;77.48;J Golf (2);15;PC_Paris;0;72;0;28;0;0;0;100;0;83;17;29;NA;59.5;hiver;Matin
106.06;43.66;K Bravo (1);52;GC_GC;53;0;47;0;0;0;0;37;100;0;0;17.5;7.6;23;ete;Soir
73.66;60.84;K Bravo (2);63;GC_GC;34;14;0;0;53;0;0;47;100;0;0;14.3;5.1;NA;ete;Matin
61.24;58.43;K Bravo (3);NA;GC_GC;58;17;6;0;19;0;0;28;100;0;0;14.4;2.6;42.5;hiver;Soir
152.19;101.79;K Bravo (4);65;GC_GC;60;14;26;0;0;0;0;34;100;0;0;33.4;23.9;69.5;hiver;Matin
121.79;37.51;K Charlie (1);57;GC_GC;65;7;28;0;0;0;0;37;100;0;0;17.6;5.8;27.5;ete;Soir
94.9;63.53;K Charlie (2);70;GC_GC;70;8;22;0;0;0;0;38;100;0;0;18.3;8.4;NA;ete;Matin
60.45;64.57;K Charlie (3);NA;GC_GC;67;20;0;0;13;0;0;45;100;0;0;16.9;3.7;40.5;hiver;Soir
129.77;80.62;K Charlie (4);73;GC_GC;66;10;24;0;0;0;0;34;100;0;0;39.1;26.5;63.5;hiver;Matin
132.49;45.22;K Delta (1);29;GC_Paris;45;18;6;30;0;0;7;100;24;30;46;24.9;5.4;34.5;ete;Soir
110.62;66.82;K Delta (2);55;GC_Paris;39;29;0;32;0;0;3;100;21;32;48;22.9;11.4;NA;ete;Matin
91.64;90.68;K Delta (3);NA;GC_Paris;50;43;7;0;0;0;2;100;13;37;50;19.1;2.4;32;hiver;Soir
167.92;102.01;K Delta (4);33;GC_Paris;53;19;0;28;0;0;2;100;16;28;56;44.4;28.3;82.5;hiver;Matin
143.47;74.95;L Alpha (1);22;Paris_PC;12;67;0;21;0;0;2;100;0;75;25;26.5;9.7;34.5;ete;Soir
179.07;83.64;L Alpha (2);21;Paris_PC;20;52;0;29;0;0;3;100;0;68;32;27.8;18.8;45;ete;Matin
191.75;141.94;L Alpha (3);31;Paris_PC;24;0;14;12;0;50;11;100;0;62;38;39.1;32.7;44.5;hiver;Soir
226.06;167.68;L Alpha (4);36;Paris_PC;9;14;0;18;0;59;8;100;0;77;23;18.7;9.7;60.5;hiver;Matin
47.2;22.21;L Charlie (1);49;PC_GC;39;44;0;0;17;0;0;100;83;0;17;25;10.8;37;ete;Soir
89.29;51.74;L Charlie (2);41;PC_GC;54;46;0;0;0;0;0;100;57;0;43;28.8;20.6;54;ete;Matin
120.13;47.3;L Charlie (3);30;PC_GC;15;0;46;0;40;0;0;100;60;0;40;40.1;34.6;49;hiver;Soir
141.71;117.88;L Charlie (4);32;PC_GC;18;50;0;0;31;0;0;100;40;0;60;25.6;15.1;70.5;hiver;Matin
159.2;72.31;L Delta (1);42;GC_PC;63;0;20;0;18;0;4;100;11;0;89;24.1;6.2;31.5;ete;Soir
82.17;61.26;L Delta (2);35;GC_PC;39;43;0;0;18;0;1;100;21;0;79;32.2;22;53;ete;Matin
131.42;66.33;L Delta (3);21;GC_PC;18;8;41;0;33;0;0;100;26;0;74;29.3;26.4;49;hiver;Soir
257.69;151.77;L Delta (4);31;GC_PC;76;24;0;0;0;0;5;100;25;0;75;30.1;17.2;78.5;hiver;Matin
182.07;56.64;L Echo (1);15;PC_Paris;0;0;31;27;0;42;2;100;0;69;31;21.1;6.2;31.5;ete;Soir
192.43;76.39;L Echo (2);13;PC_Paris;5;4;0;49;0;42;7;100;0;91;9;37.4;21;39;ete;Matin
180.22;159.86;L Echo (3);18;PC_Paris;0;0;0;41;27;32;5;100;0;41;59;33.8;30.6;45.5;hiver;Soir
247.25;133.86;L Echo (4);25;PC_Paris;10;13;0;36;0;41;5;100;0;77;23;35.1;18.5;65.5;hiver;Matin
200.07;145.08;M Alpha (1);35;Paris_PC;8;0;0;62;0;30;13;100;0;0;100;23.2;8.6;41.5;ete;Matin
162.7;82.4;M Alpha (2);13;Paris_PC;0;15;0;58;28;0;0;100;0;72;28;24.2;15.8;67.5;hiver;Soir
150.33;99.47;M Charlie (1);32;PC_GC;34;57;9;0;0;0;5;100;13;0;87;25.8;11.9;72.5;ete;Matin
184.06;76.9;M Charlie (2);28;PC_GC;0;11;58;0;32;0;0;100;35;0;65;24.5;16.1;76.5;hiver;Soir
116.49;55.6;M Echo (1);20;PC_PC;16;36;29;0;19;0;2;100;0;0;100;45.7;19.4;58.5;ete;Matin
197.68;119.87;M Echo (2);14;PC_PC;0;12;26;0;62;0;0;100;0;12;88;31.1;17;76;hiver;Soir
124.51;55.83;M Foxtrot (1);9;PC_Paris;0;45;0;20;35;0;0;100;0;65;35;46.2;18.6;64;ete;Matin
202.45;151.96;M Foxtrot (2);11;PC_Paris;0;0;0;61;22;16;0;100;0;78;22;31.6;16.7;74;hiver;Soir
142.91;47.96;N Alpha (1);35;Paris_PC;37;42;0;21;0;0;0;100;0;44;56;19.1;8.5;42.5;ete;Soir
146.36;99.25;N Alpha (2);36;Paris_PC;47;0;13;20;21;0;0;100;0;20;80;NA;9.8;NA;ete;Matin
140.43;60.08;N Alpha (3);41;Paris_PC;38;0;0;19;43;0;0;100;0;19;81;43.8;24.6;43;hiver;Soir
151.87;89.21;N Alpha (4);25;Paris_PC;0;0;0;15;69;17;0;100;0;31;69;15.6;10.2;33;hiver;Matin
101.93;48.66;N Bravo (1);28;PC_PC;0;34;16;0;50;0;0;100;0;0;100;22.2;7.7;43.5;ete;Soir
93.55;73.08;N Bravo (2);21;PC_PC;0;24;47;0;29;0;0;100;0;0;100;NA;9.9;NA;ete;Matin
145.44;60.9;N Bravo (3);20;PC_PC;0;0;33;0;67;0;0;100;0;0;100;43.3;22.6;44;hiver;Soir
82.53;47.7;N Bravo (4);23;PC_PC;0;20;44;0;36;0;0;100;0;0;100;17.1;10.2;42;hiver;Matin
105.77;45.09;N Charlie (1);35;PC_PC;37;29;0;0;34;0;5;100;0;0;100;22.9;6.4;37.5;ete;Soir
109.52;58.75;N Charlie (2);25;PC_PC;0;32;23;0;45;0;0;100;0;0;100;NA;NA;NA;ete;Matin
172.9;75.14;N Charlie (3);32;PC_PC;40;31;0;0;30;0;5;100;0;0;100;45.1;20.4;60;hiver;Soir
200.82;118.59;N Charlie (4);15;PC_PC;37;6;39;0;18;0;7;100;0;0;100;17.2;9.8;43.5;hiver;Matin
117.7;61.55;N Delta (1);69;PC_GC;76;24;0;0;0;0;0;100;73;0;27;18.5;7;28;ete;Soir
111.57;66.2;N Delta (2);30;PC_GC;0;11;28;0;60;0;3;100;78;0;22;NA;NA;NA;ete;Matin
174.52;65.31;N Delta (3);54;PC_GC;48;19;0;0;33;0;0;100;77;0;23;44.6;19.9;60;hiver;Soir
145.17;80.75;N Delta (4);49;PC_GC;35;14;35;0;16;0;0;100;91;0;9;20.7;12.2;58;hiver;Matin
153.85;60.69;N Echo (1);41;GC_Paris;44;0;15;41;0;0;0;100;44;41;15;22.3;7.1;25.5;ete;Soir
173.53;98.65;N Echo (2);28;GC_Paris;67;0;13;14;0;6;2;100;36;20;44;NA;NA;NA;ete;Matin
181.44;105.05;N Echo (3);31;GC_Paris;14;0;16;13;49;8;5;100;67;21;12;44.5;21.5;38.5;hiver;Soir
152.76;98.74;N Echo (4);44;GC_Paris;61;0;15;19;0;6;1;100;41;25;35;25;14;46;hiver;Matin
177.5;95;O Alpha (1);31;Paris_PC;50;0;11;20;0;19;8;100;0;39;61;27.4;16.7;NA;ete;Soir
146.7;92.15;O Alpha (2);57;Paris_PC;37;0;15;27;0;22;0;100;0;48;52;17.7;10;36.5;ete;Matin
128.43;81.86;O Alpha (3);40;Paris_PC;13;0;12;10;30;36;5;100;0;46;54;16.5;16.2;46.5;hiver;Soir
141.55;80.81;O Alpha (4);46;Paris_PC;32;0;27;21;0;20;2;100;0;41;59;7.7;6.4;31;hiver;Matin
115.19;55.05;O Bravo (1);41;PC_PC;41;0;59;0;0;0;2;100;0;0;100;25.5;17.7;NA;ete;Soir
104.42;78.7;O Bravo (2);35;PC_PC;31;13;56;0;0;0;1;100;0;0;100;16.8;12.5;39;ete;Matin
124.54;59.95;O Bravo (3);37;PC_PC;47;0;53;0;0;0;2;100;0;0;100;16.1;19.9;50;hiver;Soir
130.82;85.22;O Bravo (4);29;PC_PC;55;0;28;0;17;0;2;100;0;0;100;3.8;5.4;38.5;hiver;Matin
111.31;55.4;O Charlie (1);40;PC_PC;39;0;61;0;0;0;2;100;0;0;100;25.9;18.9;NA;ete;Soir
124.14;96.47;O Charlie (2);51;PC_PC;48;28;24;0;0;0;2;100;0;0;100;26.9;18.8;37.5;ete;Matin
130.78;77.84;O Charlie (3);32;PC_PC;57;0;43;0;0;0;2;100;0;0;100;19.9;20.1;55.5;hiver;Soir
126.52;70.48;O Charlie (4);50;PC_PC;51;0;21;0;27;0;2;100;0;0;100;5.6;4.5;52;hiver;Matin
176.11;98.22;O Echo (1);29;GC_Paris;29;22;26;10;0;13;2;100;51;23;26;26.2;15;NA;ete;Soir
100.59;71.46;O Echo (2);38;GC_Paris;26;51;0;0;11;12;3;100;16;63;21;29.5;12.6;33.5;ete;Matin
116.34;60.69;O Echo (3);23;GC_Paris;11;51;2;15;21;0;1;100;20;62;18;51.6;21.8;50.5;hiver;Soir
143.68;83.47;O Echo (4);24;GC_Paris;0;11;0;14;45;29;2;100;21;44;35;10;7.7;62;hiver;Matin
155.37;67.18;P Alpha (1);22;Paris_PC;0;0;0;80;20;0;2;100;0;80;20;32.7;19.3;41.5;ete;Matin
165.51;79.37;P Alpha (2);19;Paris_PC;0;11;14;38;27;11;10;100;0;59;41;40.9;19.2;45.5;ete;Soir
129.67;65.68;P Alpha (3);21;Paris_PC;0;0;0;59;41;0;1;100;0;59;41;15;4.9;37;hiver;Matin
172.95;66.95;P Alpha (4);10;Paris_PC;0;0;0;62;38;0;4;100;0;62;38;19.3;9.5;59;hiver;Soir
125.85;50.18;P Charlie (1);19;PC_GC;0;23;77;0;0;0;0;100;53;0;47;26.8;18.8;49.5;ete;Matin
105.12;47.94;P Charlie (2);19;PC_GC;0;0;100;0;0;0;0;100;71;0;29;35;15.5;44.5;ete;Soir
116.57;41.82;P Charlie (3);23;PC_GC;0;13;19;0;68;0;8;100;53;0;47;17.9;7.9;44;hiver;Matin
105.06;54.13;P Charlie (4);20;PC_GC;0;0;100;0;0;0;0;100;50;0;50;21.3;9.9;52.5;hiver;Soir
169.51;83.9;P Delta (1);18;GC_Paris;0;0;46;26;28;0;5;100;46;0;54;24.9;20.5;55;ete;Matin
248;97.76;P Delta (2);31;GC_Paris;25;0;8;21;16;30;7;100;28;51;21;31.2;16.8;31.5;ete;Soir
146.43;66.52;P Delta (3);20;GC_Paris;17;4;0;52;26;0;2;100;33;56;11;23.5;8.5;41;hiver;Matin
196.45;102.53;P Delta (4);25;GC_Paris;26;2;16;48;8;0;4;100;28;58;14;24.9;12.1;50.5;hiver;Soir
133.96;NA;Q Alpha (1);30;Paris_PC;0;0;0;32;36;32;4;100;0;64;36;NA;12.3;45.5;ete;Matin
163.24;104.78;Q Alpha (2);31;Paris_PC;13;0;18;32;2;35;7;100;0;68;32;15.8;8.5;42;ete;Matin
217.2;94.46;Q Alpha (3);12;Paris_PC;0;0;0;47;18;35;3;100;0;82;18;29.2;NA;71;hiver;Soir
136.5;58.51;Q Alpha (4);35;Paris_PC;8;10;16;42;0;23;9;100;0;66;34;9.6;5.7;37.5;hiver;Soir
134.74;95.87;Q Bravo (1);41;PC_GC;58;8;34;0;0;0;0;100;22;0;78;NA;10.8;40.5;ete;Matin
159.04;91.25;Q Bravo (2);37;PC_GC;81;19;0;0;0;0;0;100;15;0;85;16.4;8.7;43;ete;Matin
182.15;100.05;Q Bravo (3);40;PC_GC;53;35;11;0;0;0;0;100;21;0;79;28.4;NA;69.5;hiver;Soir
154.01;61.75;Q Bravo (4);50;PC_GC;48;9;43;0;0;0;0;100;21;0;79;8.6;5;34;hiver;Soir
136.14;88.15;Q Delta (1);66;GC_GC;41;27;0;0;32;0;0;63;84;0;16;15.3;13.3;53.5;ete;Matin
97.33;39.36;Q Delta (2);56;GC_GC;8;24;38;0;30;0;0;59;71;0;29;20.6;9;44;ete;Matin
108.88;46.36;Q Delta (3);35;GC_GC;34;0;66;0;0;0;2;44;100;0;0;23;NA;65;hiver;Soir
94.85;29.58;Q Delta (4);34;GC_GC;42;7;51;0;0;0;5;43;100;0;0;10.6;5.1;39;hiver;Soir
180.11;109.64;Q Echo (1);39;GC_Paris;41;9;0;14;3;34;5;100;16;47;36;19.5;15.9;55;ete;Matin
133.76;81.69;Q Echo (2);53;GC_Paris;46;0;9;24;6;15;4;100;0;39;61;20;8.5;45;ete;Matin
272.42;134.91;Q Echo (3);29;GC_Paris;31;0;4;40;0;25;4;100;9;66;25;24;NA;56.5;hiver;Soir
159.16;70.07;Q Echo (4);32;GC_Paris;26;7;0;67;0;0;4;100;13;67;20;NA;10;36.5;hiver;Soir
97.54;58.08;R Bravo (1);40;PC_GC;22;33;0;0;45;0;0;100;58;0;42;15.4;9;NA;ete;Matin
160.07;68.85;R Bravo (2);42;PC_GC;24;25;0;0;51;0;0;100;63;0;37;26;14.6;46;hiver;Soir
128.02;81.68;R Bravo (3);33;PC_GC;22;25;0;0;53;0;0;100;64;0;36;33.2;29.3;51.5;hiver;Matin
131.77;70.95;R Bravo (4);29;PC_GC;0;65;9;0;26;0;0;100;76;0;24;35.9;14.4;80.5;hiver;Soir
116.72;75.15;R Delta (1);41;GC_PC;52;39;0;0;9;0;0;100;68;0;32;22.6;12.3;NA;ete;Matin
185.34;86.75;R Delta (2);41;GC_PC;79;8;0;0;13;0;0;100;48;0;52;22.3;16.4;39;hiver;Soir
132.19;79.06;R Delta (3);22;GC_PC;0;8;26;0;66;0;2;100;61;0;39;41.6;28.4;52;hiver;Matin
198.04;119.54;R Delta (4);16;GC_PC;0;7;15;0;78;0;3;100;77;0;23;29;12.8;71.5;hiver;Soir
108.66;90.82;R Echo (1);51;PC_Paris;56;23;0;21;0;0;0;100;0;21;79;21.9;10.7;NA;ete;Matin
189.52;95.83;R Echo (2);26;PC_Paris;13;0;58;18;0;11;2;100;0;29;71;19.5;16.3;40;hiver;Soir
185.55;117.38;R Echo (3);25;PC_Paris;51;11;0;37;0;0;0;100;0;37;63;42.5;30.7;51;hiver;Matin
230.85;99.66;R Echo (4);15;PC_Paris;0;11;0;53;24;13;0;100;0;65;35;26.7;11.6;67;hiver;Soir
111.95;44.9;S Bravo (1);26;GC_PC;2;0;50;0;48;0;0;100;34;0;66;18.9;14.7;NA;ete;Soir
61.46;46.15;S Bravo (2);27;GC_PC;1;0;52;0;47;0;0;100;37;0;63;22;13.8;43.5;ete;Matin
217.36;74.92;S Bravo (3);18;GC_PC;51;0;49;0;0;0;0;100;30;0;70;40.1;NA;74.5;hiver;Soir
73.91;42.93;S Bravo (4);22;GC_PC;0;15;34;0;51;0;0;100;50;0;50;34.1;19.2;62.5;hiver;Matin
131.18;55.57;S Charlie (1);44;PC_Paris;24;0;43;34;0;0;0;100;0;34;66;18.3;14.4;NA;ete;Soir
98.27;51.02;S Charlie (2);21;PC_Paris;20;0;50;31;0;0;0;100;0;31;69;23.9;18.6;49;ete;Matin
228.35;122.17;S Charlie (3);22;PC_Paris;28;0;34;38;0;0;0;100;0;38;62;36.4;NA;75;hiver;Soir
75.52;68.23;S Charlie (4);20;PC_Paris;35;0;32;33;0;0;2;100;0;33;67;37;20;61;hiver;Matin
167.7;57.55;T Bravo (1);31;GC_PC;35;27;0;0;39;0;20;100;42;0;58;31;9.8;29;ete;Soir
223.91;91.48;T Bravo (2);18;GC_PC;19;0;21;0;60;0;10;100;66;0;34;38.7;25.5;62.5;ete;Matin
237.25;123.58;T Bravo (3);26;GC_PC;41;16;7;0;36;0;19;100;48;0;52;20;12.7;62.5;hiver;Soir
173.98;55.61;T Bravo (4);16;GC_PC;9;13;0;0;78;0;2;100;84;0;16;27.2;16.3;48;hiver;Matin
107.05;46.38;T Delta (1);19;PC_Paris;0;28;0;59;13;0;1;100;0;59;41;34.7;9.5;20;ete;Soir
247.82;108.87;T Delta (2);12;PC_Paris;0;9;0;59;32;0;6;100;0;59;41;44.7;27;55;ete;Matin
198.7;124.09;T Delta (3);17;PC_Paris;0;12;0;66;22;0;1;100;0;66;34;17.6;12.5;55;hiver;Soir
166.36;81.58;T Delta (4);14;PC_Paris;0;12;27;48;0;13;0;100;0;61;39;37.9;21;59;hiver;Matin
123.92;59.13;U Alpha (1);NA;Paris_Paris;0;91;0;9;0;0;0;100;0;100;0;19.2;7.9;38;ete;Soir
87.31;51.03;U Alpha (2);18;Paris_Paris;0;49;0;51;0;0;0;100;0;100;0;25.8;17.6;46;hiver;Matin
85.84;48.34;U Bravo (1);22;Paris_Paris;0;0;0;100;0;0;0;100;0;100;0;19.4;7.8;35;ete;Soir
65.01;28.75;U Bravo (2);15;Paris_Paris;0;7;0;93;0;0;0;100;0;100;0;24.8;16.1;52;hiver;Matin
142.72;30.27;U Charlie (1);13;Paris_Paris;0;0;0;100;0;0;0;100;0;100;0;20.1;8.6;27.5;ete;Soir
57.36;29.66;U Charlie (2);14;Paris_Paris;0;17;0;83;0;0;0;100;0;100;0;24.6;17.4;54.5;hiver;Matin
107.59;58.53;U Delta (1);18;Paris_Paris;0;5;0;95;0;0;0;100;0;100;0;20.4;8.3;28.5;ete;Soir
100.93;44.09;U Delta (2);10;Paris_Paris;0;86;0;14;0;0;0;100;0;100;0;26.1;19.5;55;hiver;Matin
73.8;27.89;U Echo (1);21;Paris_Paris;0;41;0;59;0;0;0;100;0;100;0;18.8;7.6;30.5;ete;Soir
142.22;83.7;U Echo (2);24;Paris_Paris;0;87;0;13;0;0;0;100;0;100;0;34.4;17.5;56.5;hiver;Matin
127.6;76.95;U Foxtrot (1);28;Paris_Paris;0;19;0;81;0;0;0;100;0;100;0;16.1;7.1;22;ete;Soir
129.4;42.39;U Foxtrot (2);14;Paris_Paris;0;67;0;33;0;0;5;100;0;100;0;38;18.2;53;hiver;Matin
185.56;66.62;U Golf (1);8;Paris_Paris;0;0;0;100;0;0;0;100;0;100;0;14.8;6;19;ete;Soir
105.23;41.75;U Golf (2);14;Paris_Paris;0;0;0;100;0;0;0;100;0;100;0;34.9;20.4;52;hiver;Matin
93.78;NA;V Alpha (1);21;Paris_Paris;0;72;0;28;0;0;0;100;0;100;0;NA;NA;27;ete;Matin
96.13;86.22;V Alpha (2);22;Paris_Paris;0;56;0;44;0;0;0;100;0;100;0;43.4;33.2;NA;ete;Soir
84.8;45.49;V Alpha (3);17;Paris_Paris;0;69;0;31;0;0;0;100;0;100;0;26.8;13.7;45;hiver;Matin
134.74;100.57;V Alpha (4);13;Paris_Paris;0;53;0;47;0;0;0;100;0;100;0;17.2;10.2;64;hiver;Soir
155.24;61.91;V Bravo (1);14;Paris_Paris;0;53;0;47;0;0;0;100;0;100;0;NA;NA;27;ete;Matin
54.25;44.93;V Bravo (2);17;Paris_Paris;0;71;0;29;0;0;0;100;0;100;0;40.8;29.8;NA;ete;Soir
115.63;98.36;V Bravo (3);14;Paris_Paris;0;50;0;50;0;0;0;100;0;100;0;27.3;13.9;46;hiver;Matin
141.37;140.33;V Bravo (4);14;Paris_Paris;0;40;0;60;0;0;0;100;0;100;0;16.7;10.3;65.5;hiver;Soir
113.54;70.25;V Charlie (1);16;Paris_Paris;0;100;0;0;0;0;0;100;0;100;0;NA;NA;27;ete;Matin
108.4;64.69;V Charlie (2);7;Paris_Paris;0;61;0;39;0;0;0;100;0;100;0;35.4;23.4;NA;ete;Soir
151.14;131.27;V Charlie (3);13;Paris_Paris;0;100;0;0;0;0;0;100;0;100;0;28.1;14.6;48.5;hiver;Matin
221.7;57.82;V Charlie (4);7;Paris_Paris;0;100;0;0;0;0;0;100;0;100;0;14.5;9.8;64;hiver;Soir
100.22;44.51;V Delta (1);15;Paris_Paris;0;42;0;58;0;0;0;100;0;100;0;NA;NA;23.5;ete;Matin
69.22;52.76;V Delta (2);19;Paris_Paris;0;83;0;17;0;0;0;100;0;100;0;38.3;26;NA;ete;Soir
164.79;100.72;V Delta (3);19;Paris_Paris;0;34;0;66;0;0;0;100;0;100;0;31.6;17.2;53;hiver;Matin
135.04;74.03;V Delta (4);11;Paris_Paris;0;31;0;69;0;0;0;100;0;100;0;14.2;8.8;62;hiver;Soir
128.5;73.53;V Echo (1);14;Paris_Paris;0;100;0;0;0;0;0;100;0;100;0;NA;NA;27;ete;Matin
66.3;58.26;V Echo (2);20;Paris_Paris;0;88;0;12;0;0;0;100;0;100;0;40.1;28.1;NA;ete;Soir
159.49;107.86;V Echo (3);12;Paris_Paris;0;91;0;9;0;0;0;100;0;100;0;34.9;18.6;56;hiver;Matin
182.7;62.52;V Echo (4);12;Paris_Paris;0;83;0;17;0;0;0;100;0;100;0;13.9;7.7;55.5;hiver;Soir
125.3;36.99;V Foxtrot (1);13;Paris_Paris;0;66;0;34;0;0;0;100;0;100;0;NA;NA;30;ete;Matin
62.49;55.29;V Foxtrot (2);27;Paris_Paris;0;56;0;44;0;0;0;100;0;100;0;41.8;31;NA;ete;Soir
151.63;109.31;V Foxtrot (3);12;Paris_Paris;0;71;0;29;0;0;0;100;0;100;0;44.4;20.2;58;hiver;Matin
126.33;52.68;V Foxtrot (4);14;Paris_Paris;0;51;0;49;0;0;0;100;0;100;0;11.8;8.5;53.5;hiver;Soir